artist,stage,day,date,start,end,start_label,end_label
HEIDI LAWDEN B2B MASHA MAR,Bionic Jungle,Day 1,2026-05-15,2026-05-15T17:00:00,2026-05-15T19:00:00,5pm,7pm
MAX DEAN B2B LUKE DEAN,Cosmic Meadow,Day 1,2026-05-15,2026-05-15T17:00:00,2026-05-15T18:55:00,5pm,6:55pm
DANNI G,Ubuntu,Day 1,2026-05-15,2026-05-15T17:00:00,2026-05-15T19:30:00,5pm,7:30pm
RIOT,Basspod,Day 1,2026-05-15,2026-05-15T19:00:00,2026-05-15T19:50:00,7pm,7:50pm
NOT NOT,Beatbox Art Car,Day 1,2026-05-15,2026-05-15T19:00:00,2026-05-15T20:15:00,7pm,8:15pm
STACY CHRISTINE,Bionic Jungle,Day 1,2026-05-15,2026-05-15T19:00:00,2026-05-15T20:00:00,7pm,8pm
JRUIZ,Casa Bacardi,Day 1,2026-05-15,2026-05-15T19:00:00,2026-05-15T20:00:00,7pm,8pm
1991,Circuit Grounds,Day 1,2026-05-15,2026-05-15T19:00:00,2026-05-15T20:00:00,7pm,8pm
JACKIE HOLLANDER,Cosmic Meadow,Day 1,2026-05-15,2026-05-15T19:00:00,2026-05-15T19:55:00,7pm,7:55pm
JEM,Electrolit Hydration House,Day 1,2026-05-15,2026-05-15T19:00:00,2026-05-15T20:30:00,7pm,8:30pm
BIG DADDY KESS,Forest House,Day 1,2026-05-15,2026-05-15T19:00:00,2026-05-15T20:00:00,7pm,8pm
THE KANDYMAN,Insomniac Fridays,Day 1,2026-05-15,2026-05-15T19:00:00,2026-05-15T20:30:00,7pm,8:30pm
LAIDBACK LUKE B2B CHUCKIE,Kinetic Field,Day 1,2026-05-15,2026-05-15T19:00:00,2026-05-15T20:00:00,7pm,8pm
ANASTAZJA,Neon Garden,Day 1,2026-05-15,2026-05-15T19:00:00,2026-05-15T20:30:00,7pm,8:30pm
GL00M13,Picnic Playtime Art Car,Day 1,2026-05-15,2026-05-15T19:00:00,2026-05-15T20:15:00,7pm,8:15pm
SARAH DE WARREN,Quantum Valley,Day 1,2026-05-15,2026-05-15T19:00:00,2026-05-15T20:00:00,7pm,8pm
ABANA B2B JULIET MENDOZA,Stereobloom,Day 1,2026-05-15,2026-05-15T19:00:00,2026-05-15T20:00:00,7pm,8pm
TROUBLE,Takis Rave Hangar,Day 1,2026-05-15,2026-05-15T19:00:00,2026-05-15T20:30:00,7pm,8:30pm
DOMINA,Wasteland,Day 1,2026-05-15,2026-05-15T19:00:00,2026-05-15T20:30:00,7pm,8:30pm
SOSO DRU,YeeDC,Day 1,2026-05-15,2026-05-15T19:00:00,2026-05-15T20:45:00,7pm,8:45pm
PIZZI,Ubuntu,Day 1,2026-05-15,2026-05-15T19:30:00,2026-05-15T21:30:00,7:30pm,9:30pm
THE MASQUERADE,Basspod,Day 1,2026-05-15,2026-05-15T19:50:00,2026-05-15T20:40:00,7:50pm,8:40pm
RODDY LIMA,Cosmic Meadow,Day 1,2026-05-15,2026-05-15T19:55:00,2026-05-15T20:55:00,7:55pm,8:55pm
THE CARRY NATION,Bionic Jungle,Day 1,2026-05-15,2026-05-15T20:00:00,2026-05-15T21:30:00,8pm,9:30pm
CARDO,Casa Bacardi,Day 1,2026-05-15,2026-05-15T20:00:00,2026-05-15T21:00:00,8pm,9pm
BOU,Circuit Grounds,Day 1,2026-05-15,2026-05-15T20:00:00,2026-05-15T21:00:00,8pm,9pm
SUSSYBAKA,Forest House,Day 1,2026-05-15,2026-05-15T20:00:00,2026-05-15T21:00:00,8pm,9pm
KOROLOVA,Kinetic Field,Day 1,2026-05-15,2026-05-15T20:00:00,2026-05-15T21:00:00,8pm,9pm
MATTY RALPH,Quantum Valley,Day 1,2026-05-15,2026-05-15T20:00:00,2026-05-15T21:00:00,8pm,9pm
SLAMM,Stereobloom,Day 1,2026-05-15,2026-05-15T20:00:00,2026-05-15T21:00:00,8pm,9pm
MER BEAR,Beatbox Art Car,Day 1,2026-05-15,2026-05-15T20:15:00,2026-05-15T21:30:00,8:15pm,9:30pm
PUNKY BREWSTAR,Picnic Playtime Art Car,Day 1,2026-05-15,2026-05-15T20:15:00,2026-05-15T21:30:00,8:15pm,9:30pm
DEMIGOD,Insomniac Fridays,Day 1,2026-05-15,2026-05-15T20:30:00,2026-05-15T21:45:00,8:30pm,9:45pm
MESTIZA,Neon Garden,Day 1,2026-05-15,2026-05-15T20:30:00,2026-05-15T22:00:00,8:30pm,10pm
DIP VERTIGO,Takis Rave Hangar,Day 1,2026-05-15,2026-05-15T20:30:00,2026-05-15T22:00:00,8:30pm,10pm
SERAFINA,Wasteland,Day 1,2026-05-15,2026-05-15T20:30:00,2026-05-15T21:30:00,8:30pm,9:30pm
HEYZ,Basspod,Day 1,2026-05-15,2026-05-15T20:40:00,2026-05-15T21:30:00,8:40pm,9:30pm
$AMI G,YeeDC,Day 1,2026-05-15,2026-05-15T20:45:00,2026-05-15T22:15:00,8:45pm,10:15pm
WESTEND,Cosmic Meadow,Day 1,2026-05-15,2026-05-15T20:55:00,2026-05-15T21:55:00,8:55pm,9:55pm
J PATRON,Casa Bacardi,Day 1,2026-05-15,2026-05-15T21:00:00,2026-05-15T22:00:00,9pm,10pm
NICO MORENO,Circuit Grounds,Day 1,2026-05-15,2026-05-15T21:00:00,2026-05-15T22:00:00,9pm,10pm
DONO,Forest House,Day 1,2026-05-15,2026-05-15T21:00:00,2026-05-15T22:00:00,9pm,10pm
ARGY,Kinetic Field,Day 1,2026-05-15,2026-05-15T21:00:00,2026-05-15T22:00:00,9pm,10pm
COLD BLUE,Quantum Valley,Day 1,2026-05-15,2026-05-15T21:00:00,2026-05-15T22:00:00,9pm,10pm
LUUK VAN DIJK,Stereobloom,Day 1,2026-05-15,2026-05-15T21:00:00,2026-05-15T22:15:00,9pm,10:15pm
MUZZ,Basspod,Day 1,2026-05-15,2026-05-15T21:30:00,2026-05-15T22:30:00,9:30pm,10:30pm
LADY SINCLAIR,Beatbox Art Car,Day 1,2026-05-15,2026-05-15T21:30:00,2026-05-15T22:45:00,9:30pm,10:45pm
MASSIMILIANO PAGLIARA,Bionic Jungle,Day 1,2026-05-15,2026-05-15T21:30:00,2026-05-15T23:00:00,9:30pm,11pm
INSPEKTOR GADJET,Picnic Playtime Art Car,Day 1,2026-05-15,2026-05-15T21:30:00,2026-05-15T22:45:00,9:30pm,10:45pm
JOHANNES SCHUSTER,Wasteland,Day 1,2026-05-15,2026-05-15T21:30:00,2026-05-15T22:30:00,9:30pm,10:30pm
LOUIS LOVE,Insomniac Fridays,Day 1,2026-05-15,2026-05-15T21:45:00,2026-05-15T23:00:00,9:45pm,11pm
WALKER & ROYCE B2B VNSSA,Cosmic Meadow,Day 1,2026-05-15,2026-05-15T21:55:00,2026-05-15T22:55:00,9:55pm,10:55pm
CC LOVE,Casa Bacardi,Day 1,2026-05-15,2026-05-15T22:00:00,2026-05-15T23:30:00,10pm,11:30pm
I HATE MODELS,Circuit Grounds,Day 1,2026-05-15,2026-05-15T22:00:00,2026-05-15T23:15:00,10pm,11:15pm
KELLAND,Electrolit Hydration House,Day 1,2026-05-15,2026-05-15T22:00:00,2026-05-15T23:30:00,10pm,11:30pm
MAX LOW,Forest House,Day 1,2026-05-15,2026-05-15T22:00:00,2026-05-15T23:00:00,10pm,11pm
DJ TENNIS B2B CHLOE CAILLET,Neon Garden,Day 1,2026-05-15,2026-05-15T22:00:00,2026-05-15T23:30:00,10pm,11:30pm
PEGASSI,Quantum Valley,Day 1,2026-05-15,2026-05-15T22:00:00,2026-05-15T23:00:00,10pm,11pm
MACHETE,Takis Rave Hangar,Day 1,2026-05-15,2026-05-15T22:00:00,2026-05-15T23:30:00,10pm,11:30pm
CHRIS LORENZO,Kinetic Field,Day 1,2026-05-15,2026-05-15T22:07:00,2026-05-15T23:15:00,10:07pm,11:15pm
OMAR+,Stereobloom,Day 1,2026-05-15,2026-05-15T22:15:00,2026-05-15T23:30:00,10:15pm,11:30pm
DIRTY AUDIO,YeeDC,Day 1,2026-05-15,2026-05-15T22:15:00,2026-05-16T00:00:00,10:15pm,12am
GORILLAT,Basspod,Day 1,2026-05-15,2026-05-15T22:30:00,2026-05-15T23:30:00,10:30pm,11:30pm
ADRIAN MILLS,Wasteland,Day 1,2026-05-15,2026-05-15T22:30:00,2026-05-15T23:30:00,10:30pm,11:30pm
TSU NAMI,Beatbox Art Car,Day 1,2026-05-15,2026-05-15T22:45:00,2026-05-16T00:00:00,10:45pm,12am
SKIBKID,Picnic Playtime Art Car,Day 1,2026-05-15,2026-05-15T22:45:00,2026-05-16T00:00:00,10:45pm,12am
PARAMIDA,Bionic Jungle,Day 1,2026-05-15,2026-05-15T23:00:00,2026-05-16T00:30:00,11pm,12:30am
JOEY G,Forest House,Day 1,2026-05-15,2026-05-15T23:00:00,2026-05-16T00:00:00,11pm,12am
DARUDE,Quantum Valley,Day 1,2026-05-15,2026-05-15T23:00:00,2026-05-16T00:00:00,11pm,12am
UNDERWORLD,Cosmic Meadow,Day 1,2026-05-15,2026-05-15T23:10:00,2026-05-16T00:10:00,11:10pm,12:10am
LEVITY,Circuit Grounds,Day 1,2026-05-15,2026-05-15T23:15:00,2026-05-16T00:25:00,11:15pm,12:25am
SOFI TUKKER,Kinetic Field,Day 1,2026-05-15,2026-05-15T23:19:00,2026-05-16T00:28:00,11:19pm,12:28am
GHENGAR,Basspod,Day 1,2026-05-15,2026-05-15T23:30:00,2026-05-16T00:30:00,11:30pm,12:30am
JFUSE,Casa Bacardi,Day 1,2026-05-15,2026-05-15T23:30:00,2026-05-16T01:00:00,11:30pm,1am
JULIET MENDOZA,Electrolit Hydration House,Day 1,2026-05-15,2026-05-15T23:30:00,2026-05-16T01:00:00,11:30pm,1am
PEGGY GOU,Neon Garden,Day 1,2026-05-15,2026-05-15T23:30:00,2026-05-16T01:00:00,11:30pm,1am
LUKE DEAN,Stereobloom,Day 1,2026-05-15,2026-05-15T23:30:00,2026-05-16T00:45:00,11:30pm,12:45am
DANNY THE WILDCHILD,Takis Rave Hangar,Day 1,2026-05-15,2026-05-15T23:30:00,2026-05-16T01:00:00,11:30pm,1am
CAIIRO,Ubuntu,Day 1,2026-05-15,2026-05-15T23:30:00,2026-05-16T01:30:00,11:30pm,1:30am
CLOUDY,Wasteland,Day 1,2026-05-15,2026-05-15T23:30:00,2026-05-16T00:30:00,11:30pm,12:30am
ARMNHMR,Beatbox Art Car,Day 1,2026-05-15,2026-05-16T00:00:00,2026-05-16T01:30:00,12am,1:30am
99JAKES,Picnic Playtime Art Car,Day 1,2026-05-15,2026-05-16T00:00:00,2026-05-16T01:30:00,12am,1:30am
COSMIC GATE,Quantum Valley,Day 1,2026-05-15,2026-05-16T00:00:00,2026-05-16T01:00:00,12am,1am
GRANT FISHER,YeeDC,Day 1,2026-05-15,2026-05-16T00:00:00,2026-05-16T01:30:00,12am,1:30am
RON D CORE,Insomniac Fridays,Day 1,2026-05-15,2026-05-16T00:15:00,2026-05-16T01:30:00,12:15am,1:30am
WOOLI,Circuit Grounds,Day 1,2026-05-15,2026-05-16T00:25:00,2026-05-16T01:35:00,12:25am,1:35am
MEDUZA,Cosmic Meadow,Day 1,2026-05-15,2026-05-16T00:25:00,2026-05-16T01:40:00,12:25am,1:40am
ATLIENS,Basspod,Day 1,2026-05-15,2026-05-16T00:30:00,2026-05-16T01:30:00,12:30am,1:30am
SALUTE B2B CHLOE CAILLET,Bionic Jungle,Day 1,2026-05-15,2026-05-16T00:30:00,2026-05-16T02:30:00,12:30am,2:30am
KUKO,Wasteland,Day 1,2026-05-15,2026-05-16T00:30:00,2026-05-16T01:30:00,12:30am,1:30am
THE CHAINSMOKERS,Kinetic Field,Day 1,2026-05-15,2026-05-16T00:32:00,2026-05-16T01:40:00,12:32am,1:40am
JOSH BAKER,Stereobloom,Day 1,2026-05-15,2026-05-16T00:45:00,2026-05-16T02:00:00,12:45am,2am
DRAMOS,Casa Bacardi,Day 1,2026-05-15,2026-05-16T01:00:00,2026-05-16T02:30:00,1am,2:30am
GOLD LEMONADE,Electrolit Hydration House,Day 1,2026-05-15,2026-05-16T01:00:00,2026-05-16T02:30:00,1am,2:30am
CASTOR & POLLUX,Forest House,Day 1,2026-05-15,2026-05-16T01:00:00,2026-05-16T02:00:00,1am,2am
ADRIATIQUE,Neon Garden,Day 1,2026-05-15,2026-05-16T01:00:00,2026-05-16T02:30:00,1am,2:30am
GARETH EMERY,Quantum Valley,Day 1,2026-05-15,2026-05-16T01:00:00,2026-05-16T02:00:00,1am,2am
MR DEEDS,Takis Rave Hangar,Day 1,2026-05-15,2026-05-16T01:00:00,2026-05-16T02:30:00,1am,2:30am
KAI WACHI,Basspod,Day 1,2026-05-15,2026-05-16T01:30:00,2026-05-16T02:30:00,1:30am,2:30am
ERO808,Beatbox Art Car,Day 1,2026-05-15,2026-05-16T01:30:00,2026-05-16T03:00:00,1:30am,3am
MOONPUP,Insomniac Fridays,Day 1,2026-05-15,2026-05-16T01:30:00,2026-05-16T02:45:00,1:30am,2:45am
HIXXY,Picnic Playtime Art Car,Day 1,2026-05-15,2026-05-16T01:30:00,2026-05-16T03:00:00,1:30am,3am
DESCENDANTS,Ubuntu,Day 1,2026-05-15,2026-05-16T01:30:00,2026-05-16T03:30:00,1:30am,3:30am
GRAVEDGR,Wasteland,Day 1,2026-05-15,2026-05-16T01:30:00,2026-05-16T02:30:00,1:30am,2:30am
ROADHOUSE,YeeDC,Day 1,2026-05-15,2026-05-16T01:30:00,2026-05-16T03:15:00,1:30am,3:15am
THE OUTLAW,Circuit Grounds,Day 1,2026-05-15,2026-05-16T01:35:00,2026-05-16T02:35:00,1:35am,2:35am
NOTION,Cosmic Meadow,Day 1,2026-05-15,2026-05-16T01:47:00,2026-05-16T02:47:00,1:47am,2:47am
FISHER,Kinetic Field,Day 1,2026-05-15,2026-05-16T01:47:00,2026-05-16T02:57:00,1:47am,2:57am
ZAANEE,Forest House,Day 1,2026-05-15,2026-05-16T02:00:00,2026-05-16T03:00:00,2am,3am
ILAN BLUESTONE,Quantum Valley,Day 1,2026-05-15,2026-05-16T02:00:00,2026-05-16T03:00:00,2am,3am
MAX DEAN,Stereobloom,Day 1,2026-05-15,2026-05-16T02:00:00,2026-05-16T03:15:00,2am,3:15am
ADVENTURE CLUB,Basspod,Day 1,2026-05-15,2026-05-16T02:30:00,2026-05-16T03:30:00,2:30am,3:30am
ROBERT HOOD,Bionic Jungle,Day 1,2026-05-15,2026-05-16T02:30:00,2026-05-16T04:00:00,2:30am,4am
GUARI,Casa Bacardi,Day 1,2026-05-15,2026-05-16T02:30:00,2026-05-16T04:00:00,2:30am,4am
NXSTY,Electrolit Hydration House,Day 1,2026-05-15,2026-05-16T02:30:00,2026-05-16T04:00:00,2:30am,4am
JOSEPH CAPRIATI,Neon Garden,Day 1,2026-05-15,2026-05-16T02:30:00,2026-05-16T04:00:00,2:30am,4am
R.A.W.,Takis Rave Hangar,Day 1,2026-05-15,2026-05-16T02:30:00,2026-05-16T04:00:00,2:30am,4am
REBEKAH,Wasteland,Day 1,2026-05-15,2026-05-16T02:30:00,2026-05-16T03:30:00,2:30am,3:30am
HOLY PRIEST,Circuit Grounds,Day 1,2026-05-15,2026-05-16T02:35:00,2026-05-16T03:30:00,2:35am,3:30am
STEVE LECLAIR,Insomniac Fridays,Day 1,2026-05-15,2026-05-16T02:45:00,2026-05-16T04:00:00,2:45am,4am
MPH,Cosmic Meadow,Day 1,2026-05-15,2026-05-16T02:47:00,2026-05-16T04:02:00,2:47am,4:02am
TC,Forest House,Day 1,2026-05-15,2026-05-16T03:00:00,2026-05-16T04:00:00,3am,4am
KYGORE,Picnic Playtime Art Car,Day 1,2026-05-15,2026-05-16T03:00:00,2026-05-16T04:15:00,3am,4:15am
PAUL VAN DYK,Quantum Valley,Day 1,2026-05-15,2026-05-16T03:00:00,2026-05-16T04:00:00,3am,4am
PORTER ROBINSON,Kinetic Field,Day 1,2026-05-15,2026-05-16T03:01:00,2026-05-16T04:10:00,3:01am,4:10am
OBSKUR,Stereobloom,Day 1,2026-05-15,2026-05-16T03:15:00,2026-05-16T04:30:00,3:15am,4:30am
CULTURE SHOCK,Basspod,Day 1,2026-05-15,2026-05-16T03:30:00,2026-05-16T04:30:00,3:30am,4:30am
RAY VOLPE,Circuit Grounds,Day 1,2026-05-15,2026-05-16T03:30:00,2026-05-16T04:30:00,3:30am,4:30am
JARED JACKSON,Ubuntu,Day 1,2026-05-15,2026-05-16T03:30:00,2026-05-16T05:30:00,3:30am,5:30am
DYEN,Wasteland,Day 1,2026-05-15,2026-05-16T03:30:00,2026-05-16T04:30:00,3:30am,4:30am
AVALON EMERSON,Bionic Jungle,Day 1,2026-05-15,2026-05-16T04:00:00,2026-05-16T05:30:00,4am,5:30am
DJ EXILE,Casa Bacardi,Day 1,2026-05-15,2026-05-16T04:00:00,2026-05-16T05:30:00,4am,5:30am
PLS&TY,Forest House,Day 1,2026-05-15,2026-05-16T04:00:00,2026-05-16T05:30:00,4am,5:30am
JASON SPLAT,Insomniac Fridays,Day 1,2026-05-15,2026-05-16T04:00:00,2026-05-16T05:30:00,4am,5:30am
ELI BROWN,Neon Garden,Day 1,2026-05-15,2026-05-16T04:00:00,2026-05-16T05:30:00,4am,5:30am
DARREN PORTER,Quantum Valley,Day 1,2026-05-15,2026-05-16T04:00:00,2026-05-16T05:30:00,4am,5:30am
SKANKA,Takis Rave Hangar,Day 1,2026-05-15,2026-05-16T04:00:00,2026-05-16T05:30:00,4am,5:30am
SAN PACHO,Cosmic Meadow,Day 1,2026-05-15,2026-05-16T04:02:00,2026-05-16T05:30:00,4:02am,5:30am
CHARLOTTE DE WITTE,Kinetic Field,Day 1,2026-05-15,2026-05-16T04:14:00,2026-05-16T05:28:00,4:14am,5:28am
TAVATLI,Beatbox Art Car,Day 1,2026-05-15,2026-05-16T04:15:00,2026-05-16T05:30:00,4:15am,5:30am
HARTSHORN,Picnic Playtime Art Car,Day 1,2026-05-15,2026-05-16T04:15:00,2026-05-16T05:30:00,4:15am,5:30am
CYCLOPS,Basspod,Day 1,2026-05-15,2026-05-16T04:30:00,2026-05-16T05:30:00,4:30am,5:30am
LEVEL UP,Circuit Grounds,Day 1,2026-05-15,2026-05-16T04:30:00,2026-05-16T05:30:00,4:30am,5:30am
TOMAN,Stereobloom,Day 1,2026-05-15,2026-05-16T04:30:00,2026-05-16T05:30:00,4:30am,5:30am
STAN CHRIST,Wasteland,Day 1,2026-05-15,2026-05-16T04:30:00,2026-05-16T05:30:00,4:30am,5:30am
FALLEN WITH MC DINO,Basspod,Day 2,2026-05-16,2026-05-16T19:00:00,2026-05-16T19:50:00,7pm,7:50pm
GUSTA,Beatbox Art Car,Day 2,2026-05-16,2026-05-16T19:00:00,2026-05-16T20:15:00,7pm,8:15pm
LUCKY LOU,Casa Bacardi,Day 2,2026-05-16,2026-05-16T19:00:00,2026-05-16T20:30:00,7pm,8:30pm
DJ MANDY,Circuit Grounds,Day 2,2026-05-16,2026-05-16T19:00:00,2026-05-16T20:00:00,7pm,8pm
FROST CHILDREN,Cosmic Meadow,Day 2,2026-05-16,2026-05-16T19:00:00,2026-05-16T20:15:00,7pm,8:15pm
AJ BALL,Forest House,Day 2,2026-05-16,2026-05-16T19:00:00,2026-05-16T19:45:00,7pm,7:45pm
DJ FLITE,Insomniac Fridays,Day 2,2026-05-16,2026-05-16T19:00:00,2026-05-16T20:30:00,7pm,8:30pm
AR/CO,Kinetic Field,Day 2,2026-05-16,2026-05-16T19:00:00,2026-05-16T20:00:00,7pm,8pm
MINK,Neon Garden,Day 2,2026-05-16,2026-05-16T19:00:00,2026-05-16T20:30:00,7pm,8:30pm
N0WHERE G1RL,Picnic Playtime Art Car,Day 2,2026-05-16,2026-05-16T19:00:00,2026-05-16T20:15:00,7pm,8:15pm
MARIA HEALY,Quantum Valley,Day 2,2026-05-16,2026-05-16T19:00:00,2026-05-16T20:30:00,7pm,8:30pm
SLUGG,Stereobloom,Day 2,2026-05-16,2026-05-16T19:00:00,2026-05-16T20:00:00,7pm,8pm
PHNX,Takis Rave Hangar,Day 2,2026-05-16,2026-05-16T19:00:00,2026-05-16T20:30:00,7pm,8:30pm
STARRZA,Ubuntu,Day 2,2026-05-16,2026-05-16T19:00:00,2026-05-16T21:00:00,7pm,9pm
CUTDWN,Wasteland,Day 2,2026-05-16,2026-05-16T19:00:00,2026-05-16T20:30:00,7pm,8:30pm
CARNEYVAL,YeeDC,Day 2,2026-05-16,2026-05-16T19:00:00,2026-05-16T20:45:00,7pm,8:45pm
LINNEY,Forest House,Day 2,2026-05-16,2026-05-16T19:45:00,2026-05-16T20:45:00,7:45pm,8:45pm
AVELLO B2B DENNETT,Basspod,Day 2,2026-05-16,2026-05-16T19:50:00,2026-05-16T20:40:00,7:50pm,8:40pm
SPRAY,Bionic Jungle,Day 2,2026-05-16,2026-05-16T20:00:00,2026-05-16T21:00:00,8pm,9pm
ROZ,Circuit Grounds,Day 2,2026-05-16,2026-05-16T20:00:00,2026-05-16T21:15:00,8pm,9:15pm
HAYLA,Kinetic Field,Day 2,2026-05-16,2026-05-16T20:00:00,2026-05-16T21:00:00,8pm,9pm
HANNAH LAING,Cosmic Meadow,Day 2,2026-05-16,2026-05-16T20:15:00,2026-05-16T21:25:00,8:15pm,9:25pm
ANDROCIDED,Picnic Playtime Art Car,Day 2,2026-05-16,2026-05-16T20:15:00,2026-05-16T21:30:00,8:15pm,9:30pm
LUKE ALEXANDER,Casa Bacardi,Day 2,2026-05-16,2026-05-16T20:30:00,2026-05-16T22:00:00,8:30pm,10pm
MATEEZY,Electrolit Hydration House,Day 2,2026-05-16,2026-05-16T20:30:00,2026-05-16T22:00:00,8:30pm,10pm
TONY CAMBOA,Insomniac Fridays,Day 2,2026-05-16,2026-05-16T20:30:00,2026-05-16T21:45:00,8:30pm,9:45pm
SILVIE LOTO,Neon Garden,Day 2,2026-05-16,2026-05-16T20:30:00,2026-05-16T22:00:00,8:30pm,10pm
SUPERSTRINGS,Quantum Valley,Day 2,2026-05-16,2026-05-16T20:30:00,2026-05-16T21:30:00,8:30pm,9:30pm
DEAD X,Wasteland,Day 2,2026-05-16,2026-05-16T20:30:00,2026-05-16T21:30:00,8:30pm,9:30pm
VIPERACTIVE,Basspod,Day 2,2026-05-16,2026-05-16T20:40:00,2026-05-16T21:30:00,8:40pm,9:30pm
JUSTUS,Forest House,Day 2,2026-05-16,2026-05-16T20:45:00,2026-05-16T21:45:00,8:45pm,9:45pm
ROXY FERRARI,YeeDC,Day 2,2026-05-16,2026-05-16T20:45:00,2026-05-16T22:15:00,8:45pm,10:15pm
BASHKKA B2B SEDEF ADASI,Bionic Jungle,Day 2,2026-05-16,2026-05-16T21:00:00,2026-05-16T22:30:00,9pm,10:30pm
SUB FOCUS,Kinetic Field,Day 2,2026-05-16,2026-05-16T21:00:00,2026-05-16T22:00:00,9pm,10pm
DISCIP,Stereobloom,Day 2,2026-05-16,2026-05-16T21:00:00,2026-05-16T22:00:00,9pm,10pm
MEEDY,Ubuntu,Day 2,2026-05-16,2026-05-16T21:00:00,2026-05-16T23:00:00,9pm,11pm
KETTAMA,Circuit Grounds,Day 2,2026-05-16,2026-05-16T21:15:00,2026-05-16T22:45:00,9:15pm,10:45pm
SNOW STRIPPERS,Cosmic Meadow,Day 2,2026-05-16,2026-05-16T21:25:00,2026-05-16T22:15:00,9:25pm,10:15pm
HYBRID MINDS,Basspod,Day 2,2026-05-16,2026-05-16T21:30:00,2026-05-16T22:30:00,9:30pm,10:30pm
BENNI OLA,Beatbox Art Car,Day 2,2026-05-16,2026-05-16T21:30:00,2026-05-16T22:45:00,9:30pm,10:45pm
LOVE2HATE,Picnic Playtime Art Car,Day 2,2026-05-16,2026-05-16T21:30:00,2026-05-16T22:45:00,9:30pm,10:45pm
BILLY GILLIES,Quantum Valley,Day 2,2026-05-16,2026-05-16T21:30:00,2026-05-16T22:30:00,9:30pm,10:30pm
THE SAINTS,Wasteland,Day 2,2026-05-16,2026-05-16T21:30:00,2026-05-16T22:30:00,9:30pm,10:30pm
REID SPEED,Insomniac Fridays,Day 2,2026-05-16,2026-05-16T21:45:00,2026-05-16T23:00:00,9:45pm,11pm
EVE LAUREN,Electrolit Hydration House,Day 2,2026-05-16,2026-05-16T22:00:00,2026-05-16T23:30:00,10pm,11:30pm
AHMED SPINS,Neon Garden,Day 2,2026-05-16,2026-05-16T22:00:00,2026-05-16T23:30:00,10pm,11:30pm
OMNOM,Stereobloom,Day 2,2026-05-16,2026-05-16T22:00:00,2026-05-16T23:15:00,10pm,11:15pm
CRS?,Takis Rave Hangar,Day 2,2026-05-16,2026-05-16T22:00:00,2026-05-16T23:30:00,10pm,11:30pm
STEVE AOKI,Kinetic Field,Day 2,2026-05-16,2026-05-16T22:07:00,2026-05-16T23:15:00,10:07pm,11:15pm
VTSS,Cosmic Meadow,Day 2,2026-05-16,2026-05-16T22:15:00,2026-05-16T23:30:00,10:15pm,11:30pm
DAZY DUKE,YeeDC,Day 2,2026-05-16,2026-05-16T22:15:00,2026-05-17T00:00:00,10:15pm,12am
YDG,Basspod,Day 2,2026-05-16,2026-05-16T22:30:00,2026-05-16T23:30:00,10:30pm,11:30pm
HAAI B2B LUKE ALESSI,Bionic Jungle,Day 2,2026-05-16,2026-05-16T22:30:00,2026-05-17T00:00:00,10:30pm,12am
PAUL OAKENFOLD,Quantum Valley,Day 2,2026-05-16,2026-05-16T22:30:00,2026-05-16T23:30:00,10:30pm,11:30pm
ROB GEE B2B LENNY DEE,Wasteland,Day 2,2026-05-16,2026-05-16T22:30:00,2026-05-16T23:30:00,10:30pm,11:30pm
PLAYER DAVE,Beatbox Art Car,Day 2,2026-05-16,2026-05-16T22:45:00,2026-05-17T00:00:00,10:45pm,12am
SAMMY VIRJI,Circuit Grounds,Day 2,2026-05-16,2026-05-16T22:45:00,2026-05-17T00:15:00,10:45pm,12:15am
MATT FAULK,Forest House,Day 2,2026-05-16,2026-05-16T22:45:00,2026-05-17T00:00:00,10:45pm,12am
FLUTTERSHY,Picnic Playtime Art Car,Day 2,2026-05-16,2026-05-16T22:45:00,2026-05-17T00:00:00,10:45pm,12am
"FESTER, OSCURE & THEE-O",Insomniac Fridays,Day 2,2026-05-16,2026-05-16T23:00:00,2026-05-17T01:30:00,11pm,1:30am
NOIZU,Stereobloom,Day 2,2026-05-16,2026-05-16T23:15:00,2026-05-17T00:30:00,11:15pm,12:30am
HARDWELL,Kinetic Field,Day 2,2026-05-16,2026-05-16T23:19:00,2026-05-17T00:28:00,11:19pm,12:28am
DELTA HEAVY,Basspod,Day 2,2026-05-16,2026-05-16T23:30:00,2026-05-17T00:30:00,11:30pm,12:30am
DREYA V,Casa Bacardi,Day 2,2026-05-16,2026-05-16T23:30:00,2026-05-17T01:00:00,11:30pm,1am
OFF IN LALA,Electrolit Hydration House,Day 2,2026-05-16,2026-05-16T23:30:00,2026-05-17T01:00:00,11:30pm,1am
LUCIANO,Neon Garden,Day 2,2026-05-16,2026-05-16T23:30:00,2026-05-17T01:30:00,11:30pm,1:30am
ANDREW RAYEL,Quantum Valley,Day 2,2026-05-16,2026-05-16T23:30:00,2026-05-17T00:30:00,11:30pm,12:30am
FURY,Takis Rave Hangar,Day 2,2026-05-16,2026-05-16T23:30:00,2026-05-17T01:00:00,11:30pm,1am
LADY FAITH B2B LNY TNZ,Wasteland,Day 2,2026-05-16,2026-05-16T23:30:00,2026-05-17T00:30:00,11:30pm,12:30am
THE PRODIGY,Cosmic Meadow,Day 2,2026-05-16,2026-05-16T23:35:00,2026-05-17T00:35:00,11:35pm,12:35am
CANARY YELLOW,Beatbox Art Car,Day 2,2026-05-16,2026-05-17T00:00:00,2026-05-17T01:30:00,12am,1:30am
MCR-T,Bionic Jungle,Day 2,2026-05-16,2026-05-17T00:00:00,2026-05-17T01:15:00,12am,1:15am
POLAR BEARS,Forest House,Day 2,2026-05-16,2026-05-17T00:00:00,2026-05-17T01:00:00,12am,1am
DJ FLAPJACK,Picnic Playtime Art Car,Day 2,2026-05-16,2026-05-17T00:00:00,2026-05-17T01:30:00,12am,1:30am
MADDS,YeeDC,Day 2,2026-05-16,2026-05-17T00:00:00,2026-05-17T01:30:00,12am,1:30am
Tiësto,Circuit Grounds,Day 2,2026-05-16,2026-05-17T00:15:00,2026-05-17T01:45:00,12:15am,1:45am
GETTER,Basspod,Day 2,2026-05-16,2026-05-17T00:30:00,2026-05-17T01:30:00,12:30am,1:30am
MADDIX,Quantum Valley,Day 2,2026-05-16,2026-05-17T00:30:00,2026-05-17T01:30:00,12:30am,1:30am
WAX MOTIF,Stereobloom,Day 2,2026-05-16,2026-05-17T00:30:00,2026-05-17T01:45:00,12:30am,1:45am
CODE BLACK B2B AUDIOFREQ B2B TONESHIFTERZ,Wasteland,Day 2,2026-05-16,2026-05-17T00:30:00,2026-05-17T01:30:00,12:30am,1:30am
JOHN SUMMIT,Kinetic Field,Day 2,2026-05-16,2026-05-17T00:32:00,2026-05-17T01:40:00,12:32am,1:40am
BUNT.,Cosmic Meadow,Day 2,2026-05-16,2026-05-17T00:40:00,2026-05-17T02:10:00,12:40am,2:10am
ABANA,Electrolit Hydration House,Day 2,2026-05-16,2026-05-17T01:00:00,2026-05-17T02:30:00,1am,2:30am
AIRGLO,Takis Rave Hangar,Day 2,2026-05-16,2026-05-17T01:00:00,2026-05-17T02:30:00,1am,2:30am
BAD BOOMBOX B2B OLLIE LISHMAN,Bionic Jungle,Day 2,2026-05-16,2026-05-17T01:15:00,2026-05-17T02:30:00,1:15am,2:30am
EPTIC B2B SPACE LACES,Basspod,Day 2,2026-05-16,2026-05-17T01:30:00,2026-05-17T02:30:00,1:30am,2:30am
SAMSON,Beatbox Art Car,Day 2,2026-05-16,2026-05-17T01:30:00,2026-05-17T03:00:00,1:30am,3am
MELLINFUNK,Insomniac Fridays,Day 2,2026-05-16,2026-05-17T01:30:00,2026-05-17T02:45:00,1:30am,2:45am
PROSPA,Neon Garden,Day 2,2026-05-16,2026-05-17T01:30:00,2026-05-17T03:30:00,1:30am,3:30am
JIMNI CRICKET,Picnic Playtime Art Car,Day 2,2026-05-16,2026-05-17T01:30:00,2026-05-17T03:00:00,1:30am,3am
MATHAME,Quantum Valley,Day 2,2026-05-16,2026-05-17T01:30:00,2026-05-17T02:30:00,1:30am,2:30am
DA TWEEKAZ,Wasteland,Day 2,2026-05-16,2026-05-17T01:30:00,2026-05-17T02:30:00,1:30am,2:30am
SLIM MCGRAW,YeeDC,Day 2,2026-05-16,2026-05-17T01:30:00,2026-05-17T03:15:00,1:30am,3:15am
PEGGY GOU B2B KI/KI,Circuit Grounds,Day 2,2026-05-16,2026-05-17T01:45:00,2026-05-17T03:15:00,1:45am,3:15am
CID,Stereobloom,Day 2,2026-05-16,2026-05-17T01:45:00,2026-05-17T03:00:00,1:45am,3am
SUBTRONICS,Kinetic Field,Day 2,2026-05-16,2026-05-17T01:47:00,2026-05-17T02:57:00,1:47am,2:57am
INTERPLANETARY CRIMINAL,Cosmic Meadow,Day 2,2026-05-16,2026-05-17T02:10:00,2026-05-17T03:30:00,2:10am,3:30am
DOCTOR P B2B FLUX PAVILION B2B FUNTCASE,Basspod,Day 2,2026-05-16,2026-05-17T02:30:00,2026-05-17T03:30:00,2:30am,3:30am
BENWAL,Bionic Jungle,Day 2,2026-05-16,2026-05-17T02:30:00,2026-05-17T03:30:00,2:30am,3:30am
ELI FOLA,Casa Bacardi,Day 2,2026-05-16,2026-05-17T02:30:00,2026-05-17T04:00:00,2:30am,4am
DISCOVERY PROJECT,Electrolit Hydration House,Day 2,2026-05-16,2026-05-17T02:30:00,2026-05-17T04:00:00,2:30am,4am
ASTRIX,Quantum Valley,Day 2,2026-05-16,2026-05-17T02:30:00,2026-05-17T03:30:00,2:30am,3:30am
KOJI AIKEN,Takis Rave Hangar,Day 2,2026-05-16,2026-05-17T02:30:00,2026-05-17T04:00:00,2:30am,4am
LIL TEXAS,Wasteland,Day 2,2026-05-16,2026-05-17T02:30:00,2026-05-17T03:30:00,2:30am,3:30am
JON BISHOP,Insomniac Fridays,Day 2,2026-05-16,2026-05-17T02:45:00,2026-05-17T04:00:00,2:45am,4am
MATTILO,Beatbox Art Car,Day 2,2026-05-16,2026-05-17T03:00:00,2026-05-17T04:15:00,3am,4:15am
DAMON SHARPE,Forest House,Day 2,2026-05-16,2026-05-17T03:00:00,2026-05-17T04:00:00,3am,4am
VULKAUF,Picnic Playtime Art Car,Day 2,2026-05-16,2026-05-17T03:00:00,2026-05-17T04:15:00,3am,4:15am
HNTR,Stereobloom,Day 2,2026-05-16,2026-05-17T03:00:00,2026-05-17T04:15:00,3am,4:15am
KB DA DJ,Ubuntu,Day 2,2026-05-16,2026-05-17T03:00:00,2026-05-17T05:30:00,3am,5:30am
KASKADE,Kinetic Field,Day 2,2026-05-16,2026-05-17T03:01:00,2026-05-17T04:10:00,3:01am,4:10am
BOYS NOIZE,Circuit Grounds,Day 2,2026-05-16,2026-05-17T03:15:00,2026-05-17T04:30:00,3:15am,4:30am
TAYLOR KADE,YeeDC,Day 2,2026-05-16,2026-05-17T03:15:00,2026-05-17T04:15:00,3:15am,4:15am
HOL!,Basspod,Day 2,2026-05-16,2026-05-17T03:30:00,2026-05-17T04:30:00,3:30am,4:30am
BAUGRUPPE90,Bionic Jungle,Day 2,2026-05-16,2026-05-17T03:30:00,2026-05-17T04:30:00,3:30am,4:30am
MALUGI,Cosmic Meadow,Day 2,2026-05-16,2026-05-17T03:30:00,2026-05-17T04:30:00,3:30am,4:30am
JOSH BAKER B2B KETTAMA B2B PROSPA,Neon Garden,Day 2,2026-05-16,2026-05-17T03:30:00,2026-05-17T05:30:00,3:30am,5:30am
T78,Quantum Valley,Day 2,2026-05-16,2026-05-17T03:30:00,2026-05-17T04:30:00,3:30am,4:30am
MISH,Wasteland,Day 2,2026-05-16,2026-05-17T03:30:00,2026-05-17T04:30:00,3:30am,4:30am
SKILAH,Casa Bacardi,Day 2,2026-05-16,2026-05-17T04:00:00,2026-05-17T05:30:00,4am,5:30am
MICAH MARTIN,Forest House,Day 2,2026-05-16,2026-05-17T04:00:00,2026-05-17T05:30:00,4am,5:30am
ERIC DAVENPORT,Insomniac Fridays,Day 2,2026-05-16,2026-05-17T04:00:00,2026-05-17T05:30:00,4am,5:30am
FALKO,Takis Rave Hangar,Day 2,2026-05-16,2026-05-17T04:00:00,2026-05-17T05:30:00,4am,5:30am
ABOVE & BEYOND,Kinetic Field,Day 2,2026-05-16,2026-05-17T04:14:00,2026-05-17T05:28:00,4:14am,5:28am
PUKING SPICE LATTE,Picnic Playtime Art Car,Day 2,2026-05-16,2026-05-17T04:15:00,2026-05-17T05:30:00,4:15am,5:30am
BOLO,Stereobloom,Day 2,2026-05-16,2026-05-17T04:15:00,2026-05-17T05:30:00,4:15am,5:30am
MARY DROPPINZ,Basspod,Day 2,2026-05-16,2026-05-17T04:30:00,2026-05-17T05:30:00,4:30am,5:30am
CLUB ANGEL,Bionic Jungle,Day 2,2026-05-16,2026-05-17T04:30:00,2026-05-17T05:30:00,4:30am,5:30am
LILLY PALMER,Circuit Grounds,Day 2,2026-05-16,2026-05-17T04:30:00,2026-05-17T05:30:00,4:30am,5:30am
DJ GIGOLA B2B MCR-T,Cosmic Meadow,Day 2,2026-05-16,2026-05-17T04:30:00,2026-05-17T05:30:00,4:30am,5:30am
THOMAS SCHUMACHER,Quantum Valley,Day 2,2026-05-16,2026-05-17T04:30:00,2026-05-17T05:30:00,4:30am,5:30am
ALYSSA JOLEE,Wasteland,Day 2,2026-05-16,2026-05-17T04:30:00,2026-05-17T05:30:00,4:30am,5:30am
NIGHTSTALKER,Basspod,Day 3,2026-05-17,2026-05-17T19:00:00,2026-05-17T19:50:00,7pm,7:50pm
CHASSI,Beatbox Art Car,Day 3,2026-05-17,2026-05-17T19:00:00,2026-05-17T20:15:00,7pm,8:15pm
ALVES,Bionic Jungle,Day 3,2026-05-17,2026-05-17T19:00:00,2026-05-17T20:30:00,7pm,8:30pm
ESPII,Casa Bacardi,Day 3,2026-05-17,2026-05-17T19:00:00,2026-05-17T20:00:00,7pm,8pm
LINSKA,Circuit Grounds,Day 3,2026-05-17,2026-05-17T19:00:00,2026-05-17T20:30:00,7pm,8:30pm
GRAVAGERZ,Cosmic Meadow,Day 3,2026-05-17,2026-05-17T19:00:00,2026-05-17T20:00:00,7pm,8pm
MARC V,Electrolit Hydration House,Day 3,2026-05-17,2026-05-17T19:00:00,2026-05-17T20:30:00,7pm,8:30pm
ASSEMBLY,Forest House,Day 3,2026-05-17,2026-05-17T19:00:00,2026-05-17T20:00:00,7pm,8pm
KENDO,Insomniac Fridays,Day 3,2026-05-17,2026-05-17T19:00:00,2026-05-17T20:30:00,7pm,8:30pm
TRACE,Kinetic Field,Day 3,2026-05-17,2026-05-17T19:00:00,2026-05-17T20:00:00,7pm,8pm
BAD BEAT,Neon Garden,Day 3,2026-05-17,2026-05-17T19:00:00,2026-05-17T20:15:00,7pm,8:15pm
NERZ,Picnic Playtime Art Car,Day 3,2026-05-17,2026-05-17T19:00:00,2026-05-17T20:15:00,7pm,8:15pm
WARUNG,Quantum Valley,Day 3,2026-05-17,2026-05-17T19:00:00,2026-05-17T20:00:00,7pm,8pm
KLO,Stereobloom,Day 3,2026-05-17,2026-05-17T19:00:00,2026-05-17T20:00:00,7pm,8pm
CONNOR Q,Takis Rave Hangar,Day 3,2026-05-17,2026-05-17T19:00:00,2026-05-17T20:30:00,7pm,8:30pm
VIGRO DEEP,Ubuntu,Day 3,2026-05-17,2026-05-17T19:00:00,2026-05-17T21:00:00,7pm,9pm
SIHK,Wasteland,Day 3,2026-05-17,2026-05-17T19:00:00,2026-05-17T20:30:00,7pm,8:30pm
JOHN PRICE,YeeDC,Day 3,2026-05-17,2026-05-17T19:00:00,2026-05-17T20:45:00,7pm,8:45pm
SIPPY,Basspod,Day 3,2026-05-17,2026-05-17T19:50:00,2026-05-17T20:40:00,7:50pm,8:40pm
SORAYA,Casa Bacardi,Day 3,2026-05-17,2026-05-17T20:00:00,2026-05-17T21:00:00,8pm,9pm
NOSTALGIX,Cosmic Meadow,Day 3,2026-05-17,2026-05-17T20:00:00,2026-05-17T21:00:00,8pm,9pm
WARD ANDREWS,Forest House,Day 3,2026-05-17,2026-05-17T20:00:00,2026-05-17T21:00:00,8pm,9pm
SHIP WREK,Kinetic Field,Day 3,2026-05-17,2026-05-17T20:00:00,2026-05-17T21:00:00,8pm,9pm
SHINGO NAKAMURA,Quantum Valley,Day 3,2026-05-17,2026-05-17T20:00:00,2026-05-17T21:00:00,8pm,9pm
MURPHY’S LAW,Stereobloom,Day 3,2026-05-17,2026-05-17T20:00:00,2026-05-17T21:15:00,8pm,9:15pm
ODD LANGUAGE,Beatbox Art Car,Day 3,2026-05-17,2026-05-17T20:15:00,2026-05-17T21:30:00,8:15pm,9:30pm
KIMMYCAT,Picnic Playtime Art Car,Day 3,2026-05-17,2026-05-17T20:15:00,2026-05-17T21:30:00,8:15pm,9:30pm
ISABELLA,Bionic Jungle,Day 3,2026-05-17,2026-05-17T20:30:00,2026-05-17T22:30:00,8:30pm,10:30pm
ANNA,Circuit Grounds,Day 3,2026-05-17,2026-05-17T20:30:00,2026-05-17T22:00:00,8:30pm,10pm
RAJE,Electrolit Hydration House,Day 3,2026-05-17,2026-05-17T20:30:00,2026-05-17T22:00:00,8:30pm,10pm
MARS,Insomniac Fridays,Day 3,2026-05-17,2026-05-17T20:30:00,2026-05-17T21:45:00,8:30pm,9:45pm
FALLEN,Takis Rave Hangar,Day 3,2026-05-17,2026-05-17T20:30:00,2026-05-17T22:00:00,8:30pm,10pm
CLAWZ,Wasteland,Day 3,2026-05-17,2026-05-17T20:30:00,2026-05-17T21:30:00,8:30pm,9:30pm
EAZYBAKED,Basspod,Day 3,2026-05-17,2026-05-17T20:40:00,2026-05-17T21:30:00,8:40pm,9:30pm
BAD ASH,YeeDC,Day 3,2026-05-17,2026-05-17T20:45:00,2026-05-17T22:15:00,8:45pm,10:15pm
DOOZIE,Casa Bacardi,Day 3,2026-05-17,2026-05-17T21:00:00,2026-05-17T22:00:00,9pm,10pm
WILLIAM BLACK,Cosmic Meadow,Day 3,2026-05-17,2026-05-17T21:00:00,2026-05-17T22:00:00,9pm,10pm
NEON DELUZ,Forest House,Day 3,2026-05-17,2026-05-17T21:00:00,2026-05-17T22:00:00,9pm,10pm
LAYTON GIORDANI,Kinetic Field,Day 3,2026-05-17,2026-05-17T21:00:00,2026-05-17T22:00:00,9pm,10pm
REBUKE,Quantum Valley,Day 3,2026-05-17,2026-05-17T21:00:00,2026-05-17T22:00:00,9pm,10pm
FLOYD LAVINE,Ubuntu,Day 3,2026-05-17,2026-05-17T21:00:00,2026-05-17T23:00:00,9pm,11pm
SIDNEY CHARLES B2B BUSHBABY,Stereobloom,Day 3,2026-05-17,2026-05-17T21:15:00,2026-05-17T22:30:00,9:15pm,10:30pm
INFEKT B2B SAMPLIFIRE,Basspod,Day 3,2026-05-17,2026-05-17T21:30:00,2026-05-17T22:30:00,9:30pm,10:30pm
WOLFIE,Beatbox Art Car,Day 3,2026-05-17,2026-05-17T21:30:00,2026-05-17T22:45:00,9:30pm,10:45pm
ADIEL,Neon Garden,Day 3,2026-05-17,2026-05-17T21:30:00,2026-05-17T22:50:00,9:30pm,10:50pm
LEXXY JAX,Picnic Playtime Art Car,Day 3,2026-05-17,2026-05-17T21:30:00,2026-05-17T22:45:00,9:30pm,10:45pm
THE PURGE,Wasteland,Day 3,2026-05-17,2026-05-17T21:30:00,2026-05-17T22:30:00,9:30pm,10:30pm
MARK LEWIS,Insomniac Fridays,Day 3,2026-05-17,2026-05-17T21:45:00,2026-05-17T23:00:00,9:45pm,11pm
BROSA,Casa Bacardi,Day 3,2026-05-17,2026-05-17T22:00:00,2026-05-17T23:15:00,10pm,11:15pm
BELTRAN,Circuit Grounds,Day 3,2026-05-17,2026-05-17T22:00:00,2026-05-17T23:30:00,10pm,11:30pm
SAN HOLO,Cosmic Meadow,Day 3,2026-05-17,2026-05-17T22:00:00,2026-05-17T23:00:00,10pm,11pm
DENA,Electrolit Hydration House,Day 3,2026-05-17,2026-05-17T22:00:00,2026-05-17T23:30:00,10pm,11:30pm
TENSTEPS,Forest House,Day 3,2026-05-17,2026-05-17T22:00:00,2026-05-17T23:00:00,10pm,11pm
CRISTOPH,Quantum Valley,Day 3,2026-05-17,2026-05-17T22:00:00,2026-05-17T23:00:00,10pm,11pm
ROHAAN,Takis Rave Hangar,Day 3,2026-05-17,2026-05-17T22:00:00,2026-05-17T23:30:00,10pm,11:30pm
FUNK TRIBU,Kinetic Field,Day 3,2026-05-17,2026-05-17T22:07:00,2026-05-17T23:15:00,10:07pm,11:15pm
SOMMER RAY,YeeDC,Day 3,2026-05-17,2026-05-17T22:15:00,2026-05-18T00:00:00,10:15pm,12am
A.M.C,Basspod,Day 3,2026-05-17,2026-05-17T22:30:00,2026-05-17T23:30:00,10:30pm,11:30pm
KINAHAU,Bionic Jungle,Day 3,2026-05-17,2026-05-17T22:30:00,2026-05-18T00:00:00,10:30pm,12am
SKREAM,Stereobloom,Day 3,2026-05-17,2026-05-17T22:30:00,2026-05-17T23:45:00,10:30pm,11:45pm
YOSUF,Wasteland,Day 3,2026-05-17,2026-05-17T22:30:00,2026-05-17T23:30:00,10:30pm,11:30pm
CHIBS,Beatbox Art Car,Day 3,2026-05-17,2026-05-17T22:45:00,2026-05-18T00:00:00,10:45pm,12am
SIMON APEX & LOSTBOY TRIBUTE SET,Picnic Playtime Art Car,Day 3,2026-05-17,2026-05-17T22:45:00,2026-05-18T00:00:00,10:45pm,12am
DJ GIGOLA,Neon Garden,Day 3,2026-05-17,2026-05-17T22:50:00,2026-05-18T00:10:00,10:50pm,12:10am
DABIN,Cosmic Meadow,Day 3,2026-05-17,2026-05-17T23:00:00,2026-05-18T00:05:00,11pm,12:05am
JUST.SHAUN,Forest House,Day 3,2026-05-17,2026-05-17T23:00:00,2026-05-18T00:00:00,11pm,12am
STEVE LORIA,Insomniac Fridays,Day 3,2026-05-17,2026-05-17T23:00:00,2026-05-18T00:15:00,11pm,12:15am
ELI & FUR,Quantum Valley,Day 3,2026-05-17,2026-05-17T23:00:00,2026-05-18T00:00:00,11pm,12am
ZAKES BANTWINI,Ubuntu,Day 3,2026-05-17,2026-05-17T23:00:00,2026-05-18T01:00:00,11pm,1am
JUOS,Casa Bacardi,Day 3,2026-05-17,2026-05-17T23:15:00,2026-05-18T01:30:00,11:15pm,1:30am
GRIZ B2B WOOLI,Kinetic Field,Day 3,2026-05-17,2026-05-17T23:19:00,2026-05-18T00:28:00,11:19pm,12:28am
VIRTUAL RIOT,Basspod,Day 3,2026-05-17,2026-05-17T23:30:00,2026-05-18T00:30:00,11:30pm,12:30am
CHRIS STUSSY,Circuit Grounds,Day 3,2026-05-17,2026-05-17T23:30:00,2026-05-18T01:00:00,11:30pm,1am
ERIC D-LUX,Electrolit Hydration House,Day 3,2026-05-17,2026-05-17T23:30:00,2026-05-18T01:00:00,11:30pm,1am
JUSTIN HAWKES,Takis Rave Hangar,Day 3,2026-05-17,2026-05-17T23:30:00,2026-05-18T01:00:00,11:30pm,1am
DJ ISAAC,Wasteland,Day 3,2026-05-17,2026-05-17T23:30:00,2026-05-18T00:30:00,11:30pm,12:30am
HAMDI,Stereobloom,Day 3,2026-05-17,2026-05-17T23:45:00,2026-05-18T01:00:00,11:45pm,1am
2DY4,Beatbox Art Car,Day 3,2026-05-17,2026-05-18T00:00:00,2026-05-18T01:30:00,12am,1:30am
TIGA,Bionic Jungle,Day 3,2026-05-17,2026-05-18T00:00:00,2026-05-18T01:30:00,12am,1:30am
GOSHFATHER,Forest House,Day 3,2026-05-17,2026-05-18T00:00:00,2026-05-18T01:00:00,12am,1am
KUTA,Picnic Playtime Art Car,Day 3,2026-05-17,2026-05-18T00:00:00,2026-05-18T01:30:00,12am,1:30am
TINLICKER,Quantum Valley,Day 3,2026-05-17,2026-05-18T00:00:00,2026-05-18T01:00:00,12am,1am
DISKO COWBOY,YeeDC,Day 3,2026-05-17,2026-05-18T00:00:00,2026-05-18T01:30:00,12am,1:30am
ALISON WONDERLAND,Cosmic Meadow,Day 3,2026-05-17,2026-05-18T00:05:00,2026-05-18T01:05:00,12:05am,1:05am
999999999,Neon Garden,Day 3,2026-05-17,2026-05-18T00:10:00,2026-05-18T01:30:00,12:10am,1:30am
FRANKIE BONES,Insomniac Fridays,Day 3,2026-05-17,2026-05-18T00:15:00,2026-05-18T01:30:00,12:15am,1:30am
PEEKABOO,Basspod,Day 3,2026-05-17,2026-05-18T00:30:00,2026-05-18T01:30:00,12:30am,1:30am
VIEZE ASBAK,Wasteland,Day 3,2026-05-17,2026-05-18T00:30:00,2026-05-18T01:30:00,12:30am,1:30am
ZEDD,Kinetic Field,Day 3,2026-05-17,2026-05-18T00:32:00,2026-05-18T01:40:00,12:32am,1:40am
SOLOMUN,Circuit Grounds,Day 3,2026-05-17,2026-05-18T01:00:00,2026-05-18T02:30:00,1am,2:30am
OKAYVAL,Electrolit Hydration House,Day 3,2026-05-17,2026-05-18T01:00:00,2026-05-18T02:30:00,1am,2:30am
SILVER PANDA,Forest House,Day 3,2026-05-17,2026-05-18T01:00:00,2026-05-18T02:00:00,1am,2am
CASSIAN,Quantum Valley,Day 3,2026-05-17,2026-05-18T01:00:00,2026-05-18T02:15:00,1am,2:15am
CHRIS LORENZO B2B BULLET TOOTH,Stereobloom,Day 3,2026-05-17,2026-05-18T01:00:00,2026-05-18T02:15:00,1am,2:15am
AK1200,Takis Rave Hangar,Day 3,2026-05-17,2026-05-18T01:00:00,2026-05-18T02:30:00,1am,2:30am
NATIVESUN,Ubuntu,Day 3,2026-05-17,2026-05-18T01:00:00,2026-05-18T03:00:00,1am,3am
SEVEN LIONS,Cosmic Meadow,Day 3,2026-05-17,2026-05-18T01:05:00,2026-05-18T02:20:00,1:05am,2:20am
AHEE B2B LIQUID STRANGER,Basspod,Day 3,2026-05-17,2026-05-18T01:30:00,2026-05-18T02:30:00,1:30am,2:30am
SQISHI,Beatbox Art Car,Day 3,2026-05-17,2026-05-18T01:30:00,2026-05-18T03:00:00,1:30am,3am
DJ TENNIS B2B RED AXES,Bionic Jungle,Day 3,2026-05-17,2026-05-18T01:30:00,2026-05-18T03:30:00,1:30am,3:30am
ROMMII,Casa Bacardi,Day 3,2026-05-17,2026-05-18T01:30:00,2026-05-18T02:45:00,1:30am,2:45am
DONALD GLAUDE,Insomniac Fridays,Day 3,2026-05-17,2026-05-18T01:30:00,2026-05-18T02:45:00,1:30am,2:45am
INDIRA PAGANOTTO,Neon Garden,Day 3,2026-05-17,2026-05-18T01:30:00,2026-05-18T02:50:00,1:30am,2:50am
LUCKY RABBIT,Picnic Playtime Art Car,Day 3,2026-05-17,2026-05-18T01:30:00,2026-05-18T03:00:00,1:30am,3am
SUB ZERO PROJECT,Wasteland,Day 3,2026-05-17,2026-05-18T01:30:00,2026-05-18T02:30:00,1:30am,2:30am
ASHLEY WALLS,YeeDC,Day 3,2026-05-17,2026-05-18T01:30:00,2026-05-18T03:15:00,1:30am,3:15am
MARTIN GARRIX,Kinetic Field,Day 3,2026-05-17,2026-05-18T01:47:00,2026-05-18T02:57:00,1:47am,2:57am
NEKTER,Forest House,Day 3,2026-05-17,2026-05-18T02:00:00,2026-05-18T03:00:00,2am,3am
MASSANO,Quantum Valley,Day 3,2026-05-17,2026-05-18T02:15:00,2026-05-18T03:30:00,2:15am,3:30am
SILVA BUMPA,Stereobloom,Day 3,2026-05-17,2026-05-18T02:15:00,2026-05-18T03:30:00,2:15am,3:30am
RESTRICTED,Cosmic Meadow,Day 3,2026-05-17,2026-05-18T02:20:00,2026-05-18T03:20:00,2:20am,3:20am
WHETHAN,Basspod,Day 3,2026-05-17,2026-05-18T02:30:00,2026-05-18T03:30:00,2:30am,3:30am
VINTAGE CULTURE,Circuit Grounds,Day 3,2026-05-17,2026-05-18T02:30:00,2026-05-18T04:00:00,2:30am,4am
MTK,Electrolit Hydration House,Day 3,2026-05-17,2026-05-18T02:30:00,2026-05-18T04:00:00,2:30am,4am
APX1,Takis Rave Hangar,Day 3,2026-05-17,2026-05-18T02:30:00,2026-05-18T04:00:00,2:30am,4am
ROOLER,Wasteland,Day 3,2026-05-17,2026-05-18T02:30:00,2026-05-18T03:30:00,2:30am,3:30am
CLOSE FRIENDS ONLY,Casa Bacardi,Day 3,2026-05-17,2026-05-18T02:45:00,2026-05-18T04:00:00,2:45am,4am
CHARLES FEELGOOD,Insomniac Fridays,Day 3,2026-05-17,2026-05-18T02:45:00,2026-05-18T04:00:00,2:45am,4am
KI/KI,Neon Garden,Day 3,2026-05-17,2026-05-18T02:50:00,2026-05-18T04:10:00,2:50am,4:10am
SISTO,Beatbox Art Car,Day 3,2026-05-17,2026-05-18T03:00:00,2026-05-18T04:15:00,3am,4:15am
TIM CLARK,Forest House,Day 3,2026-05-17,2026-05-18T03:00:00,2026-05-18T04:00:00,3am,4am
MUNEQUITA,Picnic Playtime Art Car,Day 3,2026-05-17,2026-05-18T03:00:00,2026-05-18T04:15:00,3am,4:15am
SABINE BLAIZIN,Ubuntu,Day 3,2026-05-17,2026-05-18T03:00:00,2026-05-18T05:30:00,3am,5:30am
CLOONEE,Kinetic Field,Day 3,2026-05-17,2026-05-18T03:01:00,2026-05-18T04:10:00,3:01am,4:10am
WILLIE PAKE,YeeDC,Day 3,2026-05-17,2026-05-18T03:15:00,2026-05-18T04:15:00,3:15am,4:15am
BLACK TIGER SEX MACHINE,Cosmic Meadow,Day 3,2026-05-17,2026-05-18T03:20:00,2026-05-18T04:30:00,3:20am,4:30am
BOOGIE T B2B DISTINCT MOTIVE,Basspod,Day 3,2026-05-17,2026-05-18T03:30:00,2026-05-18T04:30:00,3:30am,4:30am
BELTRAN B2B SIMAS,Bionic Jungle,Day 3,2026-05-17,2026-05-18T03:30:00,2026-05-18T05:30:00,3:30am,5:30am
INNELLEA,Quantum Valley,Day 3,2026-05-17,2026-05-18T03:30:00,2026-05-18T04:30:00,3:30am,4:30am
MORGAN SEATREE,Stereobloom,Day 3,2026-05-17,2026-05-18T03:30:00,2026-05-18T04:30:00,3:30am,4:30am
WARFACE,Wasteland,Day 3,2026-05-17,2026-05-18T03:30:00,2026-05-18T04:30:00,3:30am,4:30am
CLOSE FRIENDS ONLY B2B JUOS B2B ROMMII,Casa Bacardi,Day 3,2026-05-17,2026-05-18T04:00:00,2026-05-18T05:30:00,4am,5:30am
KEVIN DE VRIES,Circuit Grounds,Day 3,2026-05-17,2026-05-18T04:00:00,2026-05-18T05:30:00,4am,5:30am
SYNNHAVEN,Forest House,Day 3,2026-05-17,2026-05-18T04:00:00,2026-05-18T05:30:00,4am,5:30am
MARK E QUARK,Insomniac Fridays,Day 3,2026-05-17,2026-05-18T04:00:00,2026-05-18T05:30:00,4am,5:30am
SCOOBA,Takis Rave Hangar,Day 3,2026-05-17,2026-05-18T04:00:00,2026-05-18T05:30:00,4am,5:30am
KLANGKUENSTLER,Neon Garden,Day 3,2026-05-17,2026-05-18T04:10:00,2026-05-18T05:30:00,4:10am,5:30am
ARMIN VAN BUUREN,Kinetic Field,Day 3,2026-05-17,2026-05-18T04:14:00,2026-05-18T05:28:00,4:14am,5:28am
VICIOUS,Beatbox Art Car,Day 3,2026-05-17,2026-05-18T04:15:00,2026-05-18T05:30:00,4:15am,5:30am
2B HAPPY,Picnic Playtime Art Car,Day 3,2026-05-17,2026-05-18T04:15:00,2026-05-18T05:30:00,4:15am,5:30am
AEON:MODE,Basspod,Day 3,2026-05-17,2026-05-18T04:30:00,2026-05-18T05:30:00,4:30am,5:30am
NICO MORENO B2B HOLY PRIEST,Cosmic Meadow,Day 3,2026-05-17,2026-05-18T04:30:00,2026-05-18T05:30:00,4:30am,5:30am
KREAM,Quantum Valley,Day 3,2026-05-17,2026-05-18T04:30:00,2026-05-18T05:30:00,4:30am,5:30am
LU.RE,Stereobloom,Day 3,2026-05-17,2026-05-18T04:30:00,2026-05-18T05:30:00,4:30am,5:30am
MADGRRL B2B VESSEL,Wasteland,Day 3,2026-05-17,2026-05-18T04:30:00,2026-05-18T05:30:00,4:30am,5:30am
